smpl.ordering.repositories.mongodb.models.QuoteDetails,smpl.ordering.models.Quote,43
smpl.ordering.repositories.mongodb.models.QuoteDetails,smpl.ordering.models.QuoteItemInfo,6
smpl.ordering.models.CatalogItem,smpl.ordering.Utility,1
smpl.ordering.repositories.mongodb.models.Dealer,smpl.ordering.models.DealerInfo,28
smpl.ordering.repositories.mongodb.models.OrderDetails,smpl.ordering.models.Order,45
smpl.ordering.models.ShipmentRecord,smpl.ordering.models.DeliveryAddress,2
smpl.ordering.repositories.mongodb.models.ShipmentDetails,smpl.ordering.models.ShipmentRecord,25
smpl.ordering.repositories.mongodb.MongoOrderRepository,smpl.ordering.repositories.mongodb.MongoQuoteRepository,1
smpl.ordering.repositories.mongodb.MongoOrderRepository,smpl.ordering.BadRequestException,1
smpl.ordering.repositories.mongodb.MongoOrderRepository,smpl.ordering.models.OrderUpdateInfo,2
smpl.ordering.repositories.mongodb.MongoOrderRepository,smpl.ordering.repositories.mongodb.models.OrderDetails,12
smpl.ordering.repositories.mongodb.MongoOrderRepository,smpl.ordering.repositories.mongodb.MongoOperationsWithRetry,10
smpl.ordering.repositories.mongodb.MongoOrderRepository,smpl.ordering.models.Order,5
smpl.ordering.repositories.mongodb.MongoOrderRepository,smpl.ordering.ConflictingRequestException,1
smpl.ordering.repositories.mongodb.MongoCatalogItemsRepository,smpl.ordering.repositories.mongodb.MongoOperationsWithRetry,3
smpl.ordering.repositories.mongodb.MongoCatalogItemsRepository,smpl.ordering.repositories.mongodb.models.CatalogItem,5
smpl.ordering.repositories.mongodb.MongoQuoteRepository,smpl.ordering.repositories.mongodb.MongoOperationsWithRetry,6
smpl.ordering.repositories.mongodb.MongoQuoteRepository,smpl.ordering.repositories.mongodb.models.QuoteDetails,7
smpl.ordering.repositories.mongodb.MongoQuoteRepository,smpl.ordering.models.Quote,2
smpl.ordering.repositories.mongodb.MongoQuoteRepository,smpl.ordering.repositories.mongodb.MongoDealersRepository,1
smpl.ordering.controllers.QuoteController,smpl.ordering.repositories.RepositoryFactory,4
smpl.ordering.controllers.QuoteController,smpl.ordering.models.Quote,1
smpl.ordering.controllers.QuoteController,smpl.ordering.repositories.mongodb.MongoQuoteRepository,4
smpl.ordering.SimpleCORSFilter,smpl.ordering.controllers.QuoteController,4
smpl.ordering.SimpleCORSFilter,smpl.ordering.models.QuoteItemInfo,7
smpl.ordering.SimpleCORSFilter,smpl.ordering.models.CatalogItem,11
smpl.ordering.SimpleCORSFilter,smpl.ordering.models.Quote,31
smpl.ordering.SimpleCORSFilter,smpl.ordering.controllers.CatalogController,2
smpl.ordering.SimpleCORSFilter,smpl.ordering.controllers.OrderController,5
smpl.ordering.SimpleCORSFilter,smpl.ordering.models.DeliveryAddress,17
smpl.ordering.SimpleCORSFilter,smpl.ordering.models.ShipmentEventInfo,2
smpl.ordering.SimpleCORSFilter,smpl.ordering.controllers.DealerController,4
smpl.ordering.SimpleCORSFilter,smpl.ordering.models.DealerInfo,17
smpl.ordering.SimpleCORSFilter,smpl.ordering.controllers.ShipmentController,4
smpl.ordering.SimpleCORSFilter,smpl.ordering.models.ShipmentRecord,21
smpl.ordering.SimpleCORSFilter,smpl.ordering.models.OrderEventInfo,10
smpl.ordering.SimpleCORSFilter,smpl.ordering.models.PhoneInfo,8
smpl.ordering.SimpleCORSFilter,smpl.ordering.models.Order,16
smpl.ordering.SimpleCORSFilter,smpl.ordering.models.OrderUpdateInfo,3
smpl.ordering.controllers.ShipmentController,smpl.ordering.repositories.RepositoryFactory,4
smpl.ordering.controllers.ShipmentController,smpl.ordering.models.ShipmentRecord,4
smpl.ordering.controllers.ShipmentController,smpl.ordering.repositories.mongodb.MongoShipmentRepository,6
smpl.ordering.controllers.ShipmentController,smpl.ordering.OrderingInitializer,1
smpl.ordering.repositories.mongodb.models.CatalogItem,smpl.ordering.models.CatalogItem,17
smpl.ordering.AppInsightsFilter,smpl.ordering.SimpleCORSFilter,19
smpl.ordering.AppInsightsFilter,smpl.ordering.Utility,38
smpl.ordering.models.Quote,smpl.ordering.models.QuoteItemInfo,3
smpl.ordering.models.Quote,smpl.ordering.Utility,1
smpl.ordering.controllers.CatalogController,smpl.ordering.repositories.RepositoryFactory,2
smpl.ordering.controllers.CatalogController,smpl.ordering.repositories.mongodb.MongoCatalogItemsRepository,3
smpl.ordering.controllers.CatalogController,smpl.ordering.models.CatalogItem,1
smpl.ordering.controllers.OrderController,smpl.ordering.repositories.RepositoryFactory,6
smpl.ordering.controllers.OrderController,smpl.ordering.repositories.mongodb.MongoOrderRepository,6
smpl.ordering.controllers.OrderController,smpl.ordering.repositories.mongodb.MongoQuoteRepository,1
smpl.ordering.controllers.OrderController,smpl.ordering.models.OrderUpdateInfo,1
smpl.ordering.controllers.OrderController,smpl.ordering.models.OrderEventInfo,1
smpl.ordering.controllers.OrderController,smpl.ordering.models.Order,1
smpl.ordering.models.DealerInfo,smpl.ordering.Utility,2
smpl.ordering.repositories.mongodb.MongoDealersRepository,smpl.ordering.models.DealerInfo,2
smpl.ordering.repositories.mongodb.MongoDealersRepository,smpl.ordering.repositories.mongodb.MongoOperationsWithRetry,9
smpl.ordering.repositories.mongodb.MongoDealersRepository,smpl.ordering.repositories.mongodb.models.Dealer,7
smpl.ordering.repositories.mongodb.MongoShipmentRepository,smpl.ordering.repositories.mongodb.MongoOperationsWithRetry,8
smpl.ordering.repositories.mongodb.MongoShipmentRepository,smpl.ordering.models.ShipmentRecord,3
smpl.ordering.repositories.mongodb.MongoShipmentRepository,smpl.ordering.models.Order,1
smpl.ordering.repositories.mongodb.MongoShipmentRepository,smpl.ordering.repositories.mongodb.MongoOrderRepository,2
smpl.ordering.repositories.mongodb.MongoShipmentRepository,smpl.ordering.repositories.mongodb.models.ShipmentDetails,6
smpl.ordering.Utility,smpl.ordering.OrderingConfiguration,19
smpl.ordering.controllers.DealerController,smpl.ordering.repositories.RepositoryFactory,4
smpl.ordering.controllers.DealerController,smpl.ordering.repositories.mongodb.MongoDealersRepository,6
smpl.ordering.controllers.DealerController,smpl.ordering.models.DealerInfo,3
smpl.ordering.controllers.DealerController,smpl.ordering.OrderingInitializer,1
smpl.ordering.repositories.mongodb.MongoOperationsWithRetry,smpl.ordering.repositories.mongodb.models.QuoteDetails,5
smpl.ordering.repositories.mongodb.MongoOperationsWithRetry,smpl.ordering.models.QuoteItemInfo,5
smpl.ordering.repositories.mongodb.MongoOperationsWithRetry,smpl.ordering.repositories.mongodb.models.Dealer,4
smpl.ordering.repositories.mongodb.MongoOperationsWithRetry,smpl.ordering.models.ShipmentEventInfo,1
smpl.ordering.repositories.mongodb.MongoOperationsWithRetry,smpl.ordering.repositories.mongodb.models.CatalogItem,2
smpl.ordering.repositories.mongodb.MongoOperationsWithRetry,smpl.ordering.Utility,19
smpl.ordering.repositories.mongodb.MongoOperationsWithRetry,smpl.ordering.repositories.mongodb.models.OrderDetails,7
smpl.ordering.repositories.mongodb.MongoOperationsWithRetry,smpl.ordering.models.DeliveryAddress,3
smpl.ordering.repositories.mongodb.MongoOperationsWithRetry,smpl.ordering.models.PhoneInfo,3
smpl.ordering.repositories.mongodb.MongoOperationsWithRetry,smpl.ordering.models.OrderEventInfo,6
smpl.ordering.repositories.mongodb.MongoOperationsWithRetry,smpl.ordering.repositories.mongodb.models.ShipmentDetails,3
smpl.ordering.models.Order,smpl.ordering.Utility,1
