Messages[Duplicate_#006],HeatTemplatePlan,1
Messages[Duplicate_#006],UCDBlueprintPlan,1
Messages[Duplicate_#006],AbstractBuild,1
QueueSpinupMonitorTask,Messages[Duplicate_#006],1
EBCManager,RTCBuild,1
EBCManager,ResourceReaper,1
RTCBuildProvider,RTCBuild,1
Pool,RTCBuild,1
ResourceReaper,UCDEnvironmentResource,1
OpenStackProvider,UnsupportedRequirementException,1
OpenStackProvider,HeatTemplatePlan,1
OpenStackHelper,AllData,1
ConnectionInfo,RequestHelper,1
ConnectionInfo,Messages[Duplicate_#003],1
SimpleContext,AbstractBuild,1
SimpleContext,RTCBuild,1
OpenStackStackResource,OpenStackProcess,1
OpenStackStackResource,DeleteOpenStackProcess,1
OpenStackStackResource,EBCManager,1
UCDBuildEnvironmentProvider,ConnectionInfo,1
UDeployHelper,AgentPrototype,1
Messages[Duplicate_#004],BasicRequirement,1
UCDStaticPoolProvider,EBCUtils,1
UCDStaticPoolProvider,ConnectionInfo,1
SpinUp,UCDAgentDetail,1
SpinUp,BuildRequirementDetail,1
HeatTemplatePlan,UCDAgentDetail,1
HeatTemplatePlan,ActionWithRecurringCheck,1
HeatTemplatePlan,OpenStackProcess,1
MachineReadable,UCDEnvironmentResource,1
UCDBlueprintPlan,UCDCreate,1
UCDBlueprintPlan,EBCManager,1
UCDBlueprintPlan,FutureResultOverrider,1
UCDBlueprintPlan,UCDEnvironmentResource,1
UCDBlueprintPlan,UDeployHelper,1
UCDBlueprintPlan,AgentPrototype,1
UCDBlueprintPlan,UCDAgentDetail,1
UCDBlueprintPlan,SimpleContext,1
UCDCreate,BasicRequirement,1
UCDCreate,SimpleContext,1
UCDCreate,UCDBuildEnvironmentProvider,1
UCDCreate,ActionWithRecurringCheck,1
UCDCreate,Blueprint,1
FutureWatcher,RequirementOrchestrator,1
UCDDelete,UCDBuildEnvironmentProvider,1
UCDEnvironmentResource,UDeployHelper,1
UCDEnvironmentResource,UCDDelete,1
UCDEnvironmentResource,EBCManager,1
UCDAgentDetail,EBCManager,1
UCDAgentDetail,UCDConnectionInfo,1
FinishMonitorTask,ResourceReaper,1
AbstractBuild,ActionWithRecurringCheck,1
AbstractBuild,BuildRequirementDetail,1
AbstractBuild,SimpleContext,1
AbstractBuild,BasicRequirement,1
AbstractBuild,BuildRequirement,1
AbstractBuild,BuildLogFormatter,1
AbstractBuild,EBCUtils,1
AbstractBuild,Messages[Duplicate_#007],1
RTCBuild,EBCUtils,1
RTCBuild,TagUtils,1
RTCBuild,EBCManager,1
RTCBuild,Messages[Duplicate_#008],1
RTCBuild,AbstractBuild,1
CreateOpenStackProcess,EBCManager,1
CreateOpenStackProcess,ActionWithRecurringCheck,1
CreateOpenStackProcess,FutureResultOverrider,1
CreateOpenStackProcess,OpenStackProvider,1
BuildDiscoveryHelper,AbstractBuild,1
RequirementOrchestrator,RTCBuild,1
RequirementOrchestrator,BuildRequirementDetail,1
BuildRequirementDetail,EBCManager,1
BuildRequirementDetail,ActionWithRecurringCheck,1
AbstractEBCServlet,EBCManager,1
EBCManagerServlet,UCDBuildEnvironmentProvider,1
EBCManagerServlet,UCDStaticPoolProvider,1
EBCManagerServlet,AbstractEBCServlet,1
BuildRediscoveryTask,ResourceReaper,1
SimpleContext,EBCManager,2
SimpleContext,IncrementalContextIdGenerator,2
OpenStackStackResource,ActionWithRecurringCheck,2
QueueSpinupMonitorTask,AbstractBuild,2
UCDBuildEnvironmentProvider,EBCUtils,2
QueueSpinupMonitorTask,RequirementOrchestrator,2
UCDBuildEnvironmentProvider,UCDProcessDefinition,2
UDeployHelper,ConnectionInfo,2
UCDStaticPoolProvider,UCDConnectionInfo,2
UCDStaticPoolProvider,UCDGenericProcess,2
SpinUp,SequenceFuture,2
SpinUp,FutureResultOverrider,2
SpinUp,OpenStackStackResource,2
SpinUp,ResourceReaper,2
SpinUp,SimpleContext,2
SpinUp,Messages[Duplicate_#006],2
SpinUp,UCDEnvironmentResource,2
HeatTemplatePlan,BasicRequirement,2
HeatTemplatePlan,CreateOpenStackProcess,2
EBCManager,AlphaNumericCounter,2
EBCManager,RTCBuildProvider,2
EBCManager,BuildRediscoveryTask,2
EBCManager,QueueSpinupMonitorTask,2
UCDBlueprintPlan,BuildRequirementDetail,2
UCDBlueprintPlan,UCDProcess,2
UCDBlueprintPlan,UCDAgent,2
ActionWithRecurringCheck,BuildRequirementDetail,2
UCDCreate,UDeployHelper,2
MonitorRunnable,SpinUp,2
FutureWatcher,ResourceReaper,2
UCDDelete,Messages[Duplicate_#004],2
UCDEnvironmentResource,ActionWithRecurringCheck,2
UCDAgentDetail,UCDAgent,2
DeleteOpenStackProcess,Messages[Duplicate_#002],2
FinishMonitorTask,AbstractBuild,2
FinishMonitorTask,Messages[Duplicate_#006],2
ResourceReaper,RTCBuild,2
ResourceReaper,SequenceFuture,2
ResourceReaper,ResourceStatistics,2
ResourceReaper,ResultMovingCounter,2
CreateOpenStackProcess,SimpleContext,2
OpenStackProvider,OpenStackStackResource,2
CreateOpenStackProcess,Messages[Duplicate_#002],2
RequirementOrchestrator,Pool,2
MonitorRunnable,EnvironmentMonitorTask,2
RequirementOrchestrator,HeatTemplatePlan,2
OpenStackProvider,ConnectionInfo,2
UCDAgent,UCDEnvironmentResource,2
UCDAgent,AgentPrototype,2
EBCManagerServlet,OpenStackProvider,2
EBCCallbackServlet,EBCManager,2
BuildRediscoveryTask,UCDBuildEnvironmentProvider,2
BuildRediscoveryTask,UCDStaticPoolProvider,2
UCDBlueprintPlan,ActionWithRecurringCheck,3
ActionWithRecurringCheck,DeleteOpenStackProcess,3
UCDCreate,Messages[Duplicate_#004],3
UCDBuildEnvironmentProvider,UCDBlueprintPlan,3
UCDBuildEnvironmentProvider,RTCBuildProvider,3
UCDDelete,UDeployHelper,3
UCDAgentDetail,MultiKeyPropertyMap,3
DeleteOpenStackProcess,OpenStackHelper,3
CreateOpenStackProcess,BasicRequirement,3
CreateOpenStackProcess,HeatTemplate,3
RequirementOrchestrator,MachineReadable,3
RequirementOrchestrator,UCDBuildEnvironmentProvider,3
RequirementOrchestrator,UCDBlueprintPlan,3
BuildRequirementDetail,RTCBuildProvider,3
UCDAgentsResource,UCDEnvironmentResource,3
AbstractEBCServlet,CloseableService,3
AbstractEBCServlet,EBCManagerServlet,3
EBCManagerServlet,Pool,3
BuildRediscoveryTask,BuildDiscoveryHelper,3
EBCManager,UCDBuildEnvironmentProvider,4
ResourceEventAbout,HeatTemplatePlan,4
ResourceEventAbout,UCDBlueprintPlan,4
MachineReadable,UCDResource[Duplicate_#001],4
EBCManager,UCDStaticPoolProvider,4
FutureWatcher,EBCManager,4
UCDProcess,UCDBuildEnvironmentProvider,4
UCDAgentDetail,BasicRequirement,4
UCDAgentDetail,Messages[Duplicate_#004],4
DeleteOpenStackProcess,OpenStackStack,4
FinishMonitorTask,RTCBuild,4
ResourceReaper,Pool,4
MonitorRunnable,EBCManager,4
OpenStackProvider,EBCUtils,4
RequirementOrchestrator,EBCManager,4
MonitorRunnable,EBCUtils,4
SpinUp,ResourceStatistics,4
SpinUp,ResultMovingCounter,4
RequirementOrchestrator,SpinUp,4
IncrementalContextIdGenerator,AlphaNumericCounter,4
EBCManagerServlet,ResourceReaper,4
BuildRediscoveryTask,OpenStackProvider,4
EnvironmentMonitorTask,Messages[Duplicate_#006],4
EnvironmentMonitorTask,EBCManager,4
EnvironmentMonitorTask,RTCBuildProvider,4
MachineReadable,OpenStackStackResource,5
OpenStackStackResource,SimpleContext,5
UCDBlueprintPlan,UCDProcessDefinition,5
UCDAgentDetail,ActionWithRecurringCheck,5
UCDAgentDetail,UDeployHelper,5
UCDResource[Duplicate_#001],SimpleContext,5
BuildRediscoveryTask,EBCManager,5
ResourceEventAbout,ResultMovingCounter,6
MachineReadable,AbstractBuild,6
ActionWithRecurringCheck,UCDDelete,6
UCDStaticPoolProvider,MultiKeyPropertyMap,6
ActionWithRecurringCheck,UCDAgentDetail,6
UCDCreate,UCDProcessDefinition,6
Pool,EBCEventUtil,6
UCDCreate,UCDEnvironmentResource,6
UCDBuildEnvironmentProvider,UCDResource[Duplicate_#001],6
UCDBuildEnvironmentProvider,MultiKeyPropertyMap,6
HeatTemplatePlan,HeatTemplate,6
UCDBuildEnvironmentProvider,UCDConnectionInfo,6
CreateOpenStackProcess,OpenStackHelper,6
BuildEventAbout,Pool,6
BuildEventAbout,Messages[Duplicate_#007],6
BuildRequirementDetail,RTCBuild,6
ResourceStatistics,UCDStaticPoolProvider,6
UCDAgentsResource,SimpleContext,6
SpinUp,EBCManager,6
EBCCallbackServlet,CloseableService,6
BuildRediscoveryTask,RTCBuildProvider,6
BuildRediscoveryTask,Messages[Duplicate_#006],6
ActionWithRecurringCheck,CreateOpenStackProcess,7
UCDDelete,UCDProcessDefinition,7
DeleteOpenStackProcess,OpenStackStackResource,7
RequirementOrchestrator,OpenStackProvider,7
RequirementOrchestrator,SimpleContext,7
UCDConnectionInfo,MultiKeyPropertyMap,7
UCDDelete,UCDProcess,8
UCDProcess,UDeployHelper,8
ResourceReaper,EBCEventUtil,8
EBCManager,OpenStackProvider,8
SpinUp,HeatTemplatePlan,8
UDeployHelper,AllData,8
SpinUp,EBCEventUtil,8
SpinUp,UCDBlueprintPlan,8
ResourceEventAbout,UCDBuildEnvironmentProvider,8
ResourceEventAbout,OpenStackProvider,8
ResourceEventAbout,BasicRequirement,8
ResourceEventAbout,EBCEventUtil,8
UCDBuildEnvironmentProvider,UCDAgentsResource,9
UCDBlueprintPlan,Blueprint,9
OpenStackProvider,BasicRequirement,9
EBCManager,FutureWatcher,9
RequirementOrchestrator,AbstractBuild,9
RequirementOrchestrator,Messages[Duplicate_#006],9
ResourceStatistics,UCDBuildEnvironmentProvider,9
UCDBlueprintPlan,BasicRequirement,9
AgentPrototype,RequestHelper,9
CreateOpenStackProcess,OpenStackStack,10
BuildEventAbout,AbstractBuild,10
UCDDelete,UCDEnvironmentResource,11
Pool,BuildEventAbout,11
ResourceStatistics,ResultMovingCounter,12
EBCManagerServlet,EBCManager,12
EBCManagerServlet,ResourceStatistics,12
EBCManagerServlet,ResultMovingCounter,12
CreateOpenStackProcess,OpenStackStackResource,14
UCDBuildEnvironmentProvider,UCDEnvironmentResource,15
MonitorRunnable,ResourceReaper,15
ResourceStatistics,OpenStackProvider,15
UCDStaticPoolProvider,UDeployHelper,15
ResourceReaper,Messages[Duplicate_#006],16
BasicRequirement,RequirementEventAbout,16
BasicRequirement,EBCEventUtil,16
RequirementEventAbout,EBCEventUtil,16
RequirementEventAbout,Messages[Duplicate_#007],16
ResourceReaper,ResourceEventAbout,16
MachineReadable,BasicRequirement,16
ResourceEventAbout,Messages[Duplicate_#007],16
QueueDiscoveryMonitorTask,Messages[Duplicate_#006],16
MonitorRunnable,FinishMonitorTask,16
RTCBuildProvider,Pool,16
SpinUp,ResourceEventAbout,16
MonitorRunnable,QueueDiscoveryMonitorTask,16
FinishMonitorTask,Pool,17
BuildDiscoveryHelper,Messages[Duplicate_#006],18
BuildDiscoveryHelper,EBCManager,19
BuildDiscoveryHelper,Pool,19
ResourceReaper,EBCManager,20
OpenStackProvider,TagUtils,22
UDeployHelper,Messages[Duplicate_#003],22
EBCManager,MonitorRunnable,24
BasicRequirement,SimpleContext,26
ResourceReaper,UCDStaticPoolProvider,28
ActionWithRecurringCheck,UCDCreate,28
UCDStaticPoolProvider,UCDResourceHelper,30
ResourceReaper,UCDBuildEnvironmentProvider,31
QueueDiscoveryMonitorTask,RTCBuildProvider,32
QueueDiscoveryMonitorTask,BuildDiscoveryHelper,32
UCDProcess,EBCManager,32
FinishMonitorTask,EBCManager,33
BasicRequirement,RequirementEvent,33
UCDCreate,UCDProcess,33
EBCEventUtil,BuildEventAbout,34
ResourceReaper,UCDResource[Duplicate_#001],36
MonitorRunnable,SequenceFuture,36
MonitorRunnable,ActionWithRecurringCheck,36
Pool,AbstractBuild,36
RTCBuildProvider,EBCUtils,37
UCDProcess,UCDEnvironmentResource,38
EBCEventUtil,MachineReadable,38
UDeployHelper,UCDProperty,40
RequirementOrchestrator,BasicRequirement,40
RTCBuildProvider,EBCManager,41
UDeployHelper,Blueprint,42
UCDBuildEnvironmentProvider,TagUtils,42
AllData,RequestHelper,42
ActionWithRecurringCheck,Messages[Duplicate_#007],44
AbstractBuild,RTCBuild,45
UCDResourceHelper,RequestHelper,45
RequestHelper,AllData,46
RTCBuild,RTCConnection,47
UCDBuildEnvironmentProvider,BasicRequirement,47
QueueDiscoveryMonitorTask,EBCManager,48
RequirementEventAbout,SimpleContext,48
UCDResource[Duplicate_#001],UCDEnvironmentResource,48
RTCBuild,RTCBuildProvider,49
RTCBuildProvider,Messages[Duplicate_#008],50
BuildEventAbout,RTCBuild,50
ResourceReaper,SimpleContext,52
AbstractBuild,EBCLogFormatter,54
ActionWithRecurringCheck,SequenceFuture,56
SpinUp,BasicRequirement,56
ResourceReaper,OpenStackStackResource,59
ResourceReaper,OpenStackProvider,61
UCDEnvironmentResource,SimpleContext,63
OpenStackProvider,OpenStackHelper,66
OpenStackProvider,HeatTemplate,66
EBCManager,EBCUtils,67
EBCManagerServlet,LinkifyingPrintWriter,71
SimpleContext,AlphaNumericCounter,74
EBCEventUtil,RequirementEvent,80
UCDProcess,UCDProperty,80
RequirementEventAbout,RequirementEvent,80
OpenStackToken,AllData,80
ResourceEventAbout,SimpleContext,80
EBCEventUtil,RequirementEventAbout,80
UCDProcess,UCDProcessDefinition,84
RTCBuildProvider,RTCConnection,89
EBCEventUtil,ResourceEventAbout,90
AbstractEBCServlet,LinkifyingPrintWriter,92
EBCManager,Messages[Duplicate_#006],92
UCDBuildEnvironmentProvider,UDeployHelper,92
RequirementEventAbout,BasicRequirement,112
OpenStackHelper,ConnectionInfo,120
Blueprint,RequestHelper,126
OpenStackHelper,OpenStackToken,128
LinkifyingPrintWriter,Linkify,162
UCDBuildEnvironmentProvider,Blueprint,168
OpenStackHelper,RequestHelper,255
UDeployHelper,RequestHelper,318
RequestHelper,Messages[Duplicate_#003],390
RequestHelper,ConnectionInfo,400
TagUtils,Messages[Duplicate_#007],661
UDeployHelper,Environment,991
OpenStackProvider,Messages[Duplicate_#002],1026
UCDBuildEnvironmentProvider,Messages[Duplicate_#004],1029
UCDResourceHelper,UCDResource,1065
UCDStaticPoolProvider,Messages[Duplicate_#005],1066
OpenStackToken,RequestHelper,1067
OpenStackHelper,OpenStackStack,1319
FutureWatcher,SequenceFuture,1629
FutureWatcher,FutureResultOverrider,1634
FutureResultOverrider,SequenceFuture,1636
UCDBuildEnvironmentProvider,Environment,1975
Environment,RequestHelper,1980
UCDBuildEnvironmentProvider,SimpleContext,1990
UCDBuildEnvironmentProvider,EBCManager,1997
OpenStackProvider,EBCManager,2051
OpenStackProvider,SimpleContext,2055
UCDStaticPoolProvider,UCDResource,2130
FutureWatcher,SpinUp,2845
UCDBuildEnvironmentProvider,Agent,2990
UDeployHelper,Agent,3201
OpenStackProvider,OpenStackStack,4389
Agent,RequestHelper,6374
OpenStackStack,RequestHelper,10480
UCDResource,RequestHelper,13470
QueueSpinupMonitorTask,RTCBuildProvider,321668
MonitorRunnable,QueueSpinupMonitorTask,321669
QueueSpinupMonitorTask,Pool,321669
MonitorRunnable,Messages[Duplicate_#006],643441
QueueSpinupMonitorTask,EBCManager,965005
