MonitorRunnable,EBCManager,2
MonitorRunnable,EBCUtils,1
MonitorRunnable,Messages[Duplicate_#007],6
MonitorRunnable,QueueDiscoveryMonitorTask,1
MonitorRunnable,EnvironmentMonitorTask,1
MonitorRunnable,QueueSpinupMonitorTask,1
MonitorRunnable,FinishMonitorTask,1
MonitorRunnable,ResourceReaper,1
QueueSpinupMonitorTask,MonitorRunnable,7
QueueSpinupMonitorTask,RequirementOrchestrator,4
QueueSpinupMonitorTask,Messages[Duplicate_#007],2
QueueSpinupMonitorTask,TemporaryProcessingException,1
EBCManager,IllegalValueException,1
EBCManager,FutureWatcher,61
EBCManager,TemporaryProcessingException,3
EBCManager,EnvironmentMonitorTask,1
EBCManager,Messages[Duplicate_#007],24
EBCManager,Pool,2
EBCManager,BuildRediscoveryTask,4
EBCManager,ResourceReaper,31
EBCManager,EBCUtils,2
EBCManager,MonitorRunnable,162
EBCManager,EBCShutdownProcess,2
EBCManager,AlphaNumericCounter,3
RTCBuildProvider,EBCUtils,3
RTCBuildProvider,RTCConnection,211
RTCBuildProvider,Messages[Duplicate_#004],13
RTCBuildProvider,RTCBuild,9
Pool,EBCUtils,1
Pool,BuildEventAbout,18
Pool,EBCEventUtil,9
Pool,Messages[Duplicate_#007],6
Pool,MachineReadable,2
Pool,TemporaryProcessingException,1
ResourceReaper,TemporaryProcessingException,1
ResourceReaper,TerminalProcessingException,9
ResourceReaper,MachineReadable,7
ResourceReaper,EBCEventUtil,5
ResourceReaper,Messages[Duplicate_#007],12
ResourceReaper,ResourceStatistics,2
ResourceReaper,ResourceEventAbout,10
ResourceReaper,FutureThrowableWrapper,4
ResourceReaper,MonitorRunnable,6
ResourceReaper,ResultMovingCounter,4
OpenStackProvider,OpenStackHelper,11
OpenStackProvider,OpenStackEndpointNotFoundException,1
OpenStackProvider,TemporaryProcessingException,8
OpenStackProvider,HeatTemplatePlan,6
OpenStackProvider,NoCapacityException,6
OpenStackProvider,SimpleContext,2
OpenStackProvider,IllegalValueException,3
OpenStackProvider,TagUtils,1
OpenStackProvider,OpenStackStackResource,4
OpenStackProvider,Messages[Duplicate_#008],11
OpenStackProvider,OpenStackStack,9
OpenStackProvider,ConnectionInfo,31
OpenStackProvider,HeatTemplate,17
OpenStackProvider,EBCUtils,2
OpenStackProvider,UnsupportedRequirementException,7
OpenStackHelper,OpenStackToken,181
OpenStackHelper,Messages[Duplicate_#001],1
OpenStackHelper,ConnectionInfo,81
OpenStackHelper,OpenStackStack,38
OpenStackHelper,RequestHelper,121
OpenStackHelper,OpenStackStackNotFoundException,3
OpenStackHelper,AllData,3
OpenStackHelper,OpenStackInvalidCreateException,1
OpenStackHelper,OpenStackEndpointNotFoundException,2
RequestHelper,Messages[Duplicate_#001],8
RequestHelper,ConnectionInfo,51
RequestHelper,AllData,5
RequestHelper,SCORequester,1
ConnectionInfo,Messages[Duplicate_#001],3
ConnectionInfo,UCDConnectionInfo,1
AllData,RequestHelper,1
OpenStackToken,RequestHelper,9
OpenStackToken,AllData,3
OpenStackToken,OpenStackEndpointNotFoundException,3
OpenStackStack,RequestHelper,6
SimpleContext,AlphaNumericCounter,6
SimpleContext,Messages[Duplicate_#005],3
SimpleContext,IllegalValueException,6
SimpleContext,IncrementalContextIdGenerator,1
SimpleContext,TemporaryProcessingException,4
OpenStackStackResource,OpenStackProvider,21
OpenStackStackResource,DeleteOpenStackProcess,3
OpenStackStackResource,OpenStackStack,31
OpenStackStackResource,OpenStackHelper,21
OpenStackStackResource,ActionWithRecurringCheck,1
UCDBuildEnvironmentProvider,UCDAgentsResource,5
UCDBuildEnvironmentProvider,Environment,5
UCDBuildEnvironmentProvider,TemporaryProcessingException,9
UCDBuildEnvironmentProvider,UCDBlueprintPlan,8
UCDBuildEnvironmentProvider,TerminalProcessingException,1
UCDBuildEnvironmentProvider,NoCapacityException,4
UCDBuildEnvironmentProvider,UCDEnvironmentResource,4
UCDBuildEnvironmentProvider,Blueprint,14
UCDBuildEnvironmentProvider,SimpleContext,4
UCDBuildEnvironmentProvider,IllegalValueException,4
UCDBuildEnvironmentProvider,MultiKeyPropertyMap,2
UCDBuildEnvironmentProvider,Messages[Duplicate_#006],10
UCDBuildEnvironmentProvider,UDeployHelper,12
UCDBuildEnvironmentProvider,UCDConnectionInfo,81
UCDBuildEnvironmentProvider,EBCUtils,2
UCDBuildEnvironmentProvider,UCDResource,9
UCDBuildEnvironmentProvider,UCDProcessDefinition,62
UCDBuildEnvironmentProvider,Agent,7
UCDBuildEnvironmentProvider,UnsupportedRequirementException,5
UCDBuildEnvironmentProvider,TagUtils,1
UDeployHelper,AgentPrototype,6
UDeployHelper,Agent,26
UDeployHelper,Messages[Duplicate_#001],25
UDeployHelper,ConnectionInfo,101
UDeployHelper,RequestHelper,1001
UDeployHelper,UCDProperty,10
UDeployHelper,Blueprint,5
UDeployHelper,UCDResource,3
UDeployHelper,AllData,6
UDeployHelper,Environment,18
UDeployHelper,UCDResourceHelper,1
Environment,RequestHelper,2
Agent,RequestHelper,2
UCDStaticPoolProvider,TemporaryProcessingException,8
UCDStaticPoolProvider,UCDResourceHelper,9
UCDStaticPoolProvider,NoCapacityException,7
UCDStaticPoolProvider,Messages,16
UCDStaticPoolProvider,UCDResource,361
UCDStaticPoolProvider,SimpleContext,4
UCDStaticPoolProvider,IllegalValueException,1
UCDStaticPoolProvider,UCDStaticPoolMachineResource,2
UCDStaticPoolProvider,UCDGenericProcess,62
UCDStaticPoolProvider,UCDConnectionInfo,41
UCDStaticPoolProvider,EBCUtils,1
UCDStaticPoolProvider,UnsupportedRequirementException,13
UCDStaticPoolProvider,UCDStaticPoolMachinePlan,6
UCDStaticPoolProvider,MultiKeyPropertyMap,2
UCDResourceHelper,Messages[Duplicate_#001],3
UCDResourceHelper,ConnectionInfo,5
UCDResourceHelper,UDeployHelper,14
UCDResourceHelper,RequestHelper,14
UCDResourceHelper,UCDResource,19
UCDResource,RequestHelper,7
SpinUp,ExternalSystemException,51
SpinUp,TemporaryProcessingException,14
SpinUp,TerminalProcessingException,5
SpinUp,EBCEventUtil,2
SpinUp,Messages[Duplicate_#007],12
SpinUp,NoCapacityException,2
SpinUp,ResourceEventAbout,4
SpinUp,FutureThrowableWrapper,2
SpinUp,UnsupportedRequirementException,1
SequenceFuture,Messages[Duplicate_#005],2
BasicRequirement,RequirementEvent,1
BasicRequirement,RequirementEventAbout,2
BasicRequirement,EBCEventUtil,1
BasicRequirement,TemporaryProcessingException,1
BasicRequirement,BuildRequirement,1
BasicRequirement,UCDAgentRequirement,1
HeatTemplatePlan,OpenStackProvider,31
HeatTemplatePlan,UnsupportedRequirementException,1
HeatTemplatePlan,HeatTemplate,51
HeatTemplatePlan,CreateOpenStackProcess,41
HeatTemplatePlan,OpenStackHelper,1
HeatTemplatePlan,TemporaryProcessingException,1
ResourceStatistics,ResultMovingCounter,6
ResourceEventAbout,ResultMovingCounter,5
ResourceEventAbout,Messages[Duplicate_#005],2
ResourceEventAbout,EBCEventUtil,1
AlphaNumericCounter,Messages[Duplicate_#005],7
AlphaNumericCounter,IllegalValueException,13
HeatTemplate,UnsupportedRequirementException,5
HeatTemplate,Messages[Duplicate_#008],2
EBCEventUtil,Messages[Duplicate_#005],1
EBCEventUtil,MachineReadable,1
RequirementEvent,Messages[Duplicate_#005],1
RequirementEventAbout,RequirementEvent,4
RequirementEventAbout,Messages[Duplicate_#005],1
RequirementEventAbout,EBCEventUtil,1
UCDBlueprintPlan,BasicRequirement,2
UCDBlueprintPlan,TemporaryProcessingException,3
UCDBlueprintPlan,TerminalProcessingException,1
UCDBlueprintPlan,ActionWithRecurringCheck,1
UCDBlueprintPlan,UCDEnvironmentResource,31
UCDBlueprintPlan,UCDAgentDetail,2
UCDBlueprintPlan,Blueprint,81
UCDBlueprintPlan,UCDAgent,4
UCDBlueprintPlan,AgentPrototype,4
UCDBlueprintPlan,UCDBuildEnvironmentProvider,31
UCDBlueprintPlan,Messages[Duplicate_#006],1
UCDBlueprintPlan,UDeployHelper,31
UCDBlueprintPlan,UCDConnectionInfo,21
UCDBlueprintPlan,UCDCreate,3
UCDBlueprintPlan,UCDProcessDefinition,31
UCDBlueprintPlan,UCDProcess,41
UCDBlueprintPlan,FutureResultOverrider,2
UCDBlueprintPlan,UnsupportedRequirementException,4
Blueprint,RequestHelper,3
ActionWithRecurringCheck,SequenceFuture,51
ActionWithRecurringCheck,UCDGenericProcessRunner,1
ActionWithRecurringCheck,BuildRequirementDetail,1
ActionWithRecurringCheck,UCDCreate,1
ActionWithRecurringCheck,UCDAgentDetail,1
ActionWithRecurringCheck,UCDAgentsDelete,1
ActionWithRecurringCheck,UCDDelete,1
ActionWithRecurringCheck,OpenStackProcess,1
ActionWithRecurringCheck,CreateOpenStackProcess,1
ActionWithRecurringCheck,DeleteOpenStackProcess,1
UCDCreate,UCDProcessDefinition,6
UCDCreate,UCDProcess,111
UCDCreate,UDeployHelper,2
UCDCreate,UCDBuildEnvironmentProvider,1
UCDCreate,Messages[Duplicate_#006],3
UCDCreate,Blueprint,31
UCDCreate,UCDEnvironmentResource,81
UCDCreate,ActionWithRecurringCheck,4
UCDCreate,TemporaryProcessingException,2
UCDCreate,Environment,1
FutureWatcher,Messages[Duplicate_#007],2
UCDDelete,Agent,1
UCDDelete,UnsupportedRequirementException,1
UCDDelete,UCDProcess,61
UCDDelete,UCDProcessDefinition,71
UCDDelete,UDeployHelper,61
UCDDelete,UCDBuildEnvironmentProvider,3
UCDDelete,Messages[Duplicate_#006],3
UCDDelete,UCDEnvironmentResource,131
UCDDelete,ActionWithRecurringCheck,3
UCDDelete,TerminalProcessingException,2
UCDProcess,UnsupportedRequirementException,10
UCDProcess,UCDProcessDefinition,17
UCDProcess,UDeployHelper,71
UCDProcess,UCDProperty,101
UCDProcess,UCDBuildEnvironmentProvider,4
UCDProcess,Messages[Duplicate_#006],5
UCDProcess,UCDEnvironmentResource,71
UCDProcess,TemporaryProcessingException,9
UCDProcess,TerminalProcessingException,1
UCDProcessDefinition,UCDBuildEnvironmentProvider,31
UCDProcessDefinition,UCDProcess,1
UCDEnvironmentResource,UCDProcessDefinition,21
UCDEnvironmentResource,UDeployHelper,31
UCDEnvironmentResource,UCDDelete,3
UCDEnvironmentResource,ActionWithRecurringCheck,1
UCDEnvironmentResource,Environment,31
UCDAgentDetail,MultiKeyPropertyMap,5
UCDAgentDetail,UCDConnectionInfo,1
UCDAgentDetail,UDeployHelper,31
UCDAgentDetail,Messages[Duplicate_#006],3
UCDAgentDetail,UCDAgent,3
UCDAgentDetail,ActionWithRecurringCheck,5
UCDAgentDetail,TemporaryProcessingException,2
DeleteOpenStackProcess,OpenStackStack,3
DeleteOpenStackProcess,Messages[Duplicate_#008],3
DeleteOpenStackProcess,OpenStackStackResource,81
DeleteOpenStackProcess,OpenStackHelper,3
DeleteOpenStackProcess,OpenStackProcess,6
DeleteOpenStackProcess,TemporaryProcessingException,3
FinishMonitorTask,MonitorRunnable,10
FinishMonitorTask,Messages[Duplicate_#007],4
AbstractBuild,Messages[Duplicate_#005],2
AbstractBuild,UnsupportedRequirementException,1
AbstractBuild,EBCUtils,3
AbstractBuild,EBCLogFormatter,2
AbstractBuild,BuildRequirement,31
AbstractBuild,BuildLogFormatter,2
AbstractBuild,TemporaryProcessingException,3
AbstractBuild,TerminalProcessingException,2
AbstractBuild,JenkinsBuild,1
AbstractBuild,RTCBuild,1
RTCBuild,TagUtils,1
RTCBuild,ProcessingException,1
RTCBuild,UnsupportedRequirementException,4
RTCBuild,EBCUtils,1
RTCBuild,AbstractBuild,7
RTCBuild,RTCConnection,15
RTCBuild,IllegalValueException,1
RTCBuild,Messages[Duplicate_#004],8
RTCBuild,BuildNotFoundException,13
RTCBuild,TemporaryProcessingException,18
RTCBuild,TerminalProcessingException,8
RTCBuild,RTCBuildProvider,191
CreateOpenStackProcess,UnsupportedRequirementException,2
CreateOpenStackProcess,FutureResultOverrider,2
CreateOpenStackProcess,OpenStackProvider,31
CreateOpenStackProcess,HeatTemplate,51
CreateOpenStackProcess,OpenStackStack,3
CreateOpenStackProcess,Messages[Duplicate_#008],3
CreateOpenStackProcess,OpenStackStackResource,81
CreateOpenStackProcess,OpenStackHelper,3
CreateOpenStackProcess,ActionWithRecurringCheck,1
CreateOpenStackProcess,OpenStackProcess,6
CreateOpenStackProcess,TemporaryProcessingException,4
QueueDiscoveryMonitorTask,MonitorRunnable,9
QueueDiscoveryMonitorTask,BuildDiscoveryHelper,4
QueueDiscoveryMonitorTask,Messages[Duplicate_#007],2
RTCConnection,EBCUtils,1
RTCConnection,Messages[Duplicate_#004],9
RTCConnection,BuildNotFoundException,14
RTCConnection,TemporaryProcessingException,4
BuildDiscoveryHelper,Messages[Duplicate_#007],2
EBCUtils,Messages[Duplicate_#005],1
RequirementOrchestrator,TemporaryProcessingException,13
RequirementOrchestrator,MachineReadable,7
RequirementOrchestrator,Messages[Duplicate_#007],16
RequirementOrchestrator,NoCapacityException,11
RequirementOrchestrator,SpinUp,4
RequirementOrchestrator,UnsupportedRequirementException,14
BuildEventAbout,Messages[Duplicate_#005],4
BuildEventAbout,EBCUtils,1
TagUtils,Messages[Duplicate_#005],11
TagUtils,IllegalValueException,5
BuildRequirementDetail,Messages[Duplicate_#005],1
BuildRequirementDetail,ActionWithRecurringCheck,4
BuildRequirementDetail,TemporaryProcessingException,2
IncrementalContextIdGenerator,AlphaNumericCounter,51
IncrementalContextIdGenerator,Messages[Duplicate_#005],1
IncrementalContextIdGenerator,IllegalValueException,2
BuildRequirement,UnsupportedRequirementException,1
BuildRequirement,BasicRequirement,2
BuildRequirement,BuildRequirementDetail,2
BuildRequirement,SimpleContext,2
BuildRequirement,TemporaryProcessingException,1
UnsupportedRequirementException,IllegalValueException,1
UCDProperty,RequestHelper,5
AgentPrototype,RequestHelper,4
UCDAgent,AgentPrototype,3
UCDAgent,UCDConnectionInfo,31
UCDAgent,UCDEnvironmentResource,3
UCDConnectionInfo,MultiKeyPropertyMap,91
UCDConnectionInfo,ConnectionInfo,2
OpenStackProcess,OpenStackHelper,21
OpenStackProcess,ActionWithRecurringCheck,2
OpenStackProcess,CreateOpenStackProcess,1
OpenStackProcess,DeleteOpenStackProcess,1
EBCLogFormatter,EBCUtils,1
EBCLogFormatter,BuildLogFormatter,1
BuildLogFormatter,MachineReadableSpanner,1
BuildLogFormatter,EBCLogFormatter,2
BuildLogFormatter,Linkify,1
UCDAgentsResource,Agent,51
UCDAgentsResource,UCDAgentsDelete,3
UCDAgentsResource,UDeployHelper,21
UCDAgentsResource,ActionWithRecurringCheck,1
AbstractEBCServlet,CloseableService,4
AbstractEBCServlet,LinkifyingPrintWriter,2
AbstractEBCServlet,EBCBuildServlet,1
AbstractEBCServlet,EBCBuildLogServlet,1
AbstractEBCServlet,EBCManagerServlet,1
EBCManagerServlet,ResultMovingCounter,3
EBCManagerServlet,AbstractEBCServlet,3
EBCManagerServlet,ResourceStatistics,3
EBCManagerServlet,TerminalProcessingException,1
LinkifyingPrintWriter,Linkify,1
UCDGenericProcess,UCDStaticPoolProvider,31
EBCCallbackServlet,CloseableService,4
BuildRediscoveryTask,BuildDiscoveryHelper,51
BuildRediscoveryTask,Messages[Duplicate_#007],5
BuildRediscoveryTask,MachineReadable,1
EnvironmentMonitorTask,MonitorRunnable,8
EnvironmentMonitorTask,Messages[Duplicate_#007],4
UCDStaticPoolMachineResource,UDeployHelper,21
UCDStaticPoolMachineResource,UCDGenericProcess,21
UCDStaticPoolMachineResource,UCDResource,51
UCDStaticPoolMachineResource,UCDGenericProcessRunner,3
UCDStaticPoolMachineResource,UCDStaticPoolProvider,31
UCDStaticPoolMachineResource,ActionWithRecurringCheck,1
UCDStaticPoolMachinePlan,TemporaryProcessingException,1
UCDStaticPoolMachinePlan,ActionWithRecurringCheck,1
UCDStaticPoolMachinePlan,UCDResourceHelper,1
UCDStaticPoolMachinePlan,UCDStaticPoolProvider,41
UCDStaticPoolMachinePlan,UCDResource,3
UCDStaticPoolMachinePlan,UCDGenericProcessRunner,41
UCDStaticPoolMachinePlan,UCDStaticPoolMachineResource,71
UCDStaticPoolMachinePlan,UCDGenericProcess,2
UCDStaticPoolMachinePlan,FutureResultOverrider,2
UCDStaticPoolMachinePlan,UnsupportedRequirementException,1
UCDGenericProcessRunner,UnsupportedRequirementException,4
UCDGenericProcessRunner,UDeployHelper,61
UCDGenericProcessRunner,UCDGenericProcess,71
UCDGenericProcessRunner,UCDProperty,101
UCDGenericProcessRunner,UCDResource,21
UCDGenericProcessRunner,Messages,3
UCDGenericProcessRunner,ActionWithRecurringCheck,2
UCDGenericProcessRunner,TemporaryProcessingException,5
UDeployProcess,UDeployHelper,21
BigUCDDeleter,ConnectionInfo,3
BigUCDDeleter,RequestHelper,7
VirtualSystemPattern,RequestHelper,3
VirtualSystemInstanceStatus,RequestHelper,3
SCORequester,Messages[Duplicate_#001],2
SCORequester,VirtualSystemInstanceStatus,3
SCORequester,ConnectionInfo,91
SCORequester,VirtualSystemInstance,16
SCORequester,RequestHelper,17
SCORequester,VirtualSystemPattern,9
BigSCODeleter,ConnectionInfo,3
BigSCODeleter,VirtualSystemInstance,5
BigSCODeleter,RequestHelper,1
BigSCODeleter,SCORequester,4
History,ConnectionInfo,6
History,RequestHelper,1
History,SCORequester,3
VirtualSystemInstance,RequestHelper,3
JenkinsHelper,ConnectionInfo,91
JenkinsHelper,UDeployHelper,1
JenkinsHelper,RequestHelper,71
JenkinsHelper,JenkinsBuildInfo,22
JenkinsBuildInfo,RequestHelper,9
BuildNotFoundException,Messages[Duplicate_#002],2
BuildNotFoundException,TerminalProcessingException,3
NoCapacityException,ExternalSystemException,4
ExternalSystemException,NoCapacityException,1
ExternalSystemException,ProcessingException,1
ExternalSystemException,TemporaryProcessingException,1
ExternalSystemException,TerminalProcessingException,1
ExternalSystemException,BuildNotFoundException,1
ProcessingException,ExternalSystemException,5
ProcessingException,TemporaryProcessingException,1
ProcessingException,TerminalProcessingException,1
ProcessingException,BuildNotFoundException,1
TemporaryProcessingException,ProcessingException,4
TerminalProcessingException,ProcessingException,5
TerminalProcessingException,BuildNotFoundException,1
JenkinsBuild,JenkinsHelper,3
JenkinsBuild,AbstractBuild,1
JenkinsBuild,JenkinsBuildProvider,61
JenkinsBuild,JenkinsBuildInfo,151
JenkinsBuild,TemporaryProcessingException,8
JenkinsBuild,TerminalProcessingException,2
JenkinsBuildProvider,JenkinsHelper,81
JenkinsBuildProvider,ConnectionInfo,3
JenkinsBuildProvider,JenkinsBuild,4
JenkinsBuildProvider,JenkinsBuildInfo,3
JenkinsBuildProvider,Messages[Duplicate_#003],1
ContextUtils,Messages[Duplicate_#005],1
ContextUtils,IllegalValueException,3
ContextUtils,SimpleContext,2
MachineReadableSpanner,MachineReadable,1
UCDAgentsDelete,Agent,1
UCDAgentsDelete,UDeployHelper,31
UCDAgentsDelete,UCDAgentsResource,31
UCDAgentsDelete,ActionWithRecurringCheck,2
UCDAgentRequirement,UDeployHelper,1
UCDAgentRequirement,BasicRequirement,2
UCDAgentRequirement,UCDAgent,2
UCDAgentRequirement,UCDAgentDetail,2
UCDAgentRequirement,TemporaryProcessingException,1
EBCBuildServlet,AbstractEBCServlet,3
EBCBuildLogServlet,AbstractEBCServlet,2
